HOFequipment,MULTI-C,0.00
HOFequipment,PlasticSkids,0.00
HOFequipment,PLPG-4848,153.00
HOFequipment,PLPG-4848-HD,164.00
HOFequipment,PLPB-4840,112.00
HOFequipment,PLPR-4840,135.00
HOFequipment,PLPR-4840-ST,94.00
HOFequipment,PLPS-4840-9L,90.00
HOFequipment,PLPG-4840-LIP,0.00
HOFequipment,PLPS-4848,94.00
HOFequipment,UtilityBoxes,0.00
HOFequipment,UBX-Y-NW,0.00
HOFequipment,UBX-Y-W,0.00
HOFequipment,CollapsibleBulkStorageContainers,0.00
HOFequipment,CBC-4048-S,412.00
HOFequipment,CBC-4048-M,412.00
HOFequipment,FoldingPlasticContainer,0.00
HOFequipment,F-CRATE,0.00
HOFequipment,PolyBulkContainers,0.00
HOFequipment,MHBC-3244-BR,0.00
HOFequipment,MHBC-3244-CB,468.00
HOFequipment,MHBC-3244-JG,0.00
HOFequipment,MHBC-3244-O,0.00
HOFequipment,MHBC-3244-R,0.00
HOFequipment,MHBC-3244-Y,0.00
HOFequipment,MHBC-4444-BR,0.00
HOFequipment,MHBC-4444-CB,520.00
HOFequipment,MHBC-4444-JG,0.00
HOFequipment,MHBC-4444-O,0.00
HOFequipment,MHBC-4444-R,0.00
HOFequipment,MHBC-4444-Y,0.00
HOFequipment,MHBC-3244-5C-BR,0.00
HOFequipment,MHBC-3244-5C-CB,614.00
HOFequipment,MHBC-3244-5C-JG,0.00
HOFequipment,MHBC-3244-5C-O,0.00
HOFequipment,MHBC-3244-5C-R,0.00
HOFequipment,MHBC-3244-5C-Y,0.00
HOFequipment,MHBC-4444-5C-BR,0.00
HOFequipment,MHBC-4444-5C-CB,762.00
HOFequipment,MHBC-4444-5C-JG,0.00
HOFequipment,MHBC-4444-5C-O,0.00
HOFequipment,MHBC-4444-5C-R,0.00
HOFequipment,MHBC-4444-5C-Y,0.00
HOFequipment,FiberglassStorageCase72InchFCASE-72,0.00
HOFequipment,FCASE-72,0.00
HOFequipment,FiberglassStorageCase60InchFCASE-60Fiberglass,0.00
HOFequipment,FCASE-60,0.00
HOFequipment,FiberglassStorageCase48InchFCASE-48,0.00
HOFequipment,FCASE-48,0.00
