HotelRestaurantSupply,ALC-20,0.00
HotelRestaurantSupply,ALC-21,0.00
HotelRestaurantSupply,ALC-23,0.00
HotelRestaurantSupply,ALC-24,0.00
HotelRestaurantSupply,ALC-26,0.00
HotelRestaurantSupply,ALC-27,0.00
HotelRestaurantSupply,ALC-SET,0.00
HotelRestaurantSupply,PVCPlywoodStorageCases,0.00
HotelRestaurantSupply,PVCP-S,0.00
HotelRestaurantSupply,PVCP-M,0.00
HotelRestaurantSupply,PVCP-L,0.00
HotelRestaurantSupply,PVCP-A,0.00
HotelRestaurantSupply,StorageCase,0.00
HotelRestaurantSupply,CASE-F,0.00
HotelRestaurantSupply,CASE-EH,0.00
HotelRestaurantSupply,CASE-SH,0.00
