Industrial Safety,VBM-22,549.00
Industrial Safety,VBM-30,604.80
Industrial Safety,VBM-45,737.10
Industrial Safety,VBM-90,1016.10
Industrial Safety,VBS-30,729.00
Industrial Safety,VBS-45,845.10
Industrial Safety,VBA-12,445.96
Industrial Safety,VBA-16,537.40
Industrial Safety,VBA-24,603.18
Industrial Safety,VBJ-12,503.10
Industrial Safety,VBJ-16,594.00
Industrial Safety,VBJ-24,668.70
Industrial Safety,VBV-1,811.72
Industrial Safety,VBV-2,1519.84
Industrial Safety,VBW-1,929.88
Industrial Safety,VSC-3501-132,1250.10
Industrial Safety,VSC-3501-102,1213.20
Industrial Safety,VSC-3501-NB,817.20
Industrial Safety,VSC-JC-171,1624.50
Industrial Safety,VSC-JC-137,1511.10
Industrial Safety,VSC-JC-NB,1062.90
Industrial Safety,VSC-SSC-227,1584.00
Industrial Safety,VSC-SSC-185,1623.60
Industrial Safety,VSC-SSC-NB,1146.60
Industrial Safety,VLPSC-4030-6,1475.56
Industrial Safety,VLPSC-4030-8,1627.30
Industrial Safety,VLPSC-8030-6,2309.32
Industrial Safety,VLPSC-8030-8,2515.32
Industrial Safety,VLPSC-WS-30,36.00
Industrial Safety,VLPSC-SS-30,57.60
Industrial Safety,CYL-H-4-KD,500.76
Industrial Safety,CYL-H-8-KD,707.32
Industrial Safety,CYL-H-12-KD,0.00
Industrial Safety,CYL-H-16-KD,1317.78
Industrial Safety,CYL-H-4,655.20
Industrial Safety,CYL-H-8,813.34
Industrial Safety,CYL-H-12,3.87
Industrial Safety,CYL-H-16,1272.06
Industrial Safety,CYL-V-4,3.87
Industrial Safety,CYL-V-510,700.92
Industrial Safety,CYL-V-1020,1099.36
Industrial Safety,CYL-V-4-KD,0.00
Industrial Safety,CYL-V-510-KD,664.38
Industrial Safety,CYL-V-1020-KD,1120.42
Industrial Safety,CYL-H8-V510,1467.64
Industrial Safety,CYL-H8-V510-KD,1307.70
Industrial Safety,CYL-LP-2-CA,489.88
Industrial Safety,CYL-LP-4-CA,596.80
Industrial Safety,CYL-LP-8-CA,850.78
Industrial Safety,CYL-LP-16-CA,1223.64
Industrial Safety,CYL-G-8-CA,826.12
Industrial Safety,CYL-G-12-CA,1305.00
Industrial Safety,GCAB-3015-67,177.30
Industrial Safety,GCAB-4415-72,263.16
Industrial Safety,GCAB-4415-72W,245.80
Industrial Safety,CYL-EX-12-S,955.00
Industrial Safety,CYL-EX-18-S,1328.76
Industrial Safety,CYL-EX-12-E,955.00
Industrial Safety,CYL-EX-18-E,1328.76
Industrial Safety,WPC-8X8-3NC,1533.06
Industrial Safety,WPC-8X8-4NC,1732.50
Industrial Safety,WPC-8X8-4C,2086.38
Industrial Safety,WPC-12X12-4NC,2371.68
Industrial Safety,WPC-10X10-3NC,1908.00
Industrial Safety,WPC-10X10-4NC,2243.80
Industrial Safety,WPC-10X10-4C,2682.64
Industrial Safety,WPC-D-4X4-2,2136.96
Industrial Safety,WPC-D-4X6-2,2383.12
Industrial Safety,WPC-D-4X8-2,2428.92
Industrial Safety,WPC-D-4X4-3,2428.92
Industrial Safety,WPC-D-4X6-3,2682.64
Industrial Safety,WPC-D-4X8-3,2779.92
