Webstaurant,WP-4848,0.00
Webstaurant,WP-4848-FF,0.00
Webstaurant,WP-4848-84B,0.00
Webstaurant,WP-4848-84B-FF,0.00
Webstaurant,WP-4848,0.00
Webstaurant,WP-4848-FF,0.00
Webstaurant,WP-4848-84B,0.00
Webstaurant,WP-4848-84B-FF,0.00
Webstaurant,WP-4848,0.00
Webstaurant,WP-4848-FF,0.00
Webstaurant,WP-4848-84B,0.00
Webstaurant,WP-4848-84B-FF,0.00
Webstaurant,WP-4848,0.00
Webstaurant,WP-4848-FF,0.00
Webstaurant,WP-4848-84B,0.00
Webstaurant,WP-4848-84B-FF,0.00
Webstaurant,WP-4848,0.00
Webstaurant,WP-4848-FF,0.00
Webstaurant,WP-4848-84B,0.00
Webstaurant,WP-4848-84B-FF,0.00
Webstaurant,WP-4848,0.00
Webstaurant,WP-4848-FF,0.00
Webstaurant,WP-4848-84B,0.00
Webstaurant,WP-4848-84B-FF,0.00
