Toolfetch,VSC-3501-132,1363.00
Toolfetch,VSC-3501-102,1322.00
Toolfetch,VSC-3501-NB,891.00
Toolfetch,VSC-JC-171,1597.00
Toolfetch,VSC-JC-137,1486.00
Toolfetch,VSC-JC-NB,1159.00
Toolfetch,VSC-SSC-227,1558.00
Toolfetch,VSC-SSC-185,27.82
Toolfetch,VSC-SSC-NB,1250.00
Toolfetch,CYL-LP-4-CA,607.00
Toolfetch,CYL-LP-8-CA,866.00
Toolfetch,CYL-LP-16-CA,1245.00
Toolfetch,CYL-G-8-CA,840.00
Toolfetch,CYL-G-12-CA,840.00
Toolfetch,CYL-H-4-KD,509.00
Toolfetch,CYL-H-8-KD,676.00
Toolfetch,CYL-H-16-KD,1341.00
Toolfetch,CYL-H-4,667.00
Toolfetch,CYL-H-8,1493.00
Toolfetch,CYL-H-16,1294.00
Toolfetch,CYL-V-510,676.00
Toolfetch,CYL-V-1020,1118.00
Toolfetch,CYL-V-510-KD,676.00
Toolfetch,CYL-V-1020-KD,972.00
Toolfetch,CYL-H8-V510,1493.00
Toolfetch,CYL-H8-V510-KD,1330.00
Toolfetch,WPC-D-4X4-2,0.00
Toolfetch,WPC-D-4X6-2,123.65
Toolfetch,WPC-D-4X8-2,40.43
Toolfetch,WPC-D-4X4-3,0.00
Toolfetch,WPC-D-4X6-3,123.65
Toolfetch,WPC-D-4X8-3,40.43
Toolfetch,GCAB-3015-67,182.00
Toolfetch,GCAB-4415-72,270.00
Toolfetch,GCAB-4415-72W,252.00
Toolfetch,CYL-EX-12-S,972.00
Toolfetch,CYL-EX-18-S,1352.00
Toolfetch,CYL-EX-12-E,972.00
Toolfetch,CYL-EX-18-E,1352.00
Toolfetch,VBM-22,1293.00
Toolfetch,VBM-30,659.00
Toolfetch,VBM-45,803.00
Toolfetch,VBM-90,1108.00
Toolfetch,VBS-30,795.00
Toolfetch,VBS-45,921.00
Toolfetch,VBA-12,486.00
Toolfetch,VBA-16,586.00
Toolfetch,VBA-24,657.00
Toolfetch,VBJ-12,548.00
Toolfetch,VBJ-16,647.00
Toolfetch,VBJ-24,729.00
Toolfetch,VBV-1,885.00
Toolfetch,VBV-2,1495.00
Toolfetch,VBW-1,1014.00
Toolfetch,VLPSC-4030-6,1608.00
Toolfetch,VLPSC-4030-8,67.68
Toolfetch,VLPSC-8030-6,2271.00
Toolfetch,VLPSC-8030-8,2473.00
Toolfetch,VLPSC-WS-30,42.30
Toolfetch,VLPSC-SS-30,67.68
Toolfetch,WPC-8X8-3NC,0.00
Toolfetch,WPC-8X8-4NC,0.00
Toolfetch,WPC-8X8-4C,0.00
Toolfetch,WPC-12X12-4NC,0.00
Toolfetch,WPC-10X10-3NC,0.00
Toolfetch,WPC-10X10-4NC,0.00
Toolfetch,WPC-10X10-4C,0.00
