Zorinmaterial,MULTI-C,0.00
Zorinmaterial,PlasticSkids,0.00
Zorinmaterial,PLPG-4848,147.00
Zorinmaterial,PLPG-4848-HD,152.25
Zorinmaterial,PLPB-4840,115.50
Zorinmaterial,PLPR-4840,136.50
Zorinmaterial,PLPR-4840-ST,96.60
Zorinmaterial,PLPS-4840-9L,0.00
Zorinmaterial,PLPG-4840-LIP,0.00
Zorinmaterial,PLPS-4848,96.60
Zorinmaterial,SKID-20,40.95
Zorinmaterial,SKID-17,29.40
Zorinmaterial,UtilityBoxes,0.00
Zorinmaterial,UBX-Y-NW,341.25
Zorinmaterial,UBX-Y-W,472.50
Zorinmaterial,CollapsibleBulkStorageContainers,0.00
Zorinmaterial,CBC-4048-S,445.00
Zorinmaterial,CBC-4048-M,445.00
Zorinmaterial,FoldingPlasticContainer,0.00
Zorinmaterial,F-CRATE,0.00
Zorinmaterial,PolyBulkContainers,0.00
Zorinmaterial,MHBC-3244-BR,0.00
Zorinmaterial,MHBC-3244-CB,0.00
Zorinmaterial,MHBC-3244-JG,0.00
Zorinmaterial,MHBC-3244-O,0.00
Zorinmaterial,MHBC-3244-R,0.00
Zorinmaterial,MHBC-3244-Y,0.00
